,Brucella abortus self,Brucella abortus alt,Brucella melitensis self,Brucella melitensis alt,Brucella canis self,Brucella canis alt,Brucella suis self,Brucella suis alt,Brucella sp self,Brucella sp alt,Brucella neotomae self,Brucella neotomae alt,Brucella ovis self,Brucella ovis alt,Brucella ceti self,Brucella ceti alt,Brucella pinnipedialis self,Brucella pinnipedialis alt
Chromosome,C2,C2,C2,C2,C2,C2,C2,C2,C2,C2,C2,C2,C1,C2,C1,C2,C1,C2
Start Location,835117,1153473,756238,300807,157674,833240,495086,833240,682613,833240,288471,755576,289236,1073901,1715801,612628,290161,833240
End Location,835317,1153673,756438,301007,157874,833440,495286,833440,682813,833440,288671,755776,289436,1074101,1716001,612828,290361,833440
Rank,0.9568775492493274,-0.9677080621365964,0.6482669704965219,-0.9841688654353562,0.6267806267806268,-0.5142450142450142,0.540983606557377,-0.5380029806259314,0.0,-0.4675271098538426,0.0,-0.6579310344827586,0.6834733893557423,-0.6806722689075629,0.6717241379310345,-0.6813793103448276,0.673103448275862,-0.4979310344827586
Rolling Avg,0.9576183285602714,-0.9741352078451827,0.7553514032142153,-0.9763852242744033,0.6318091168091194,-0.4853774928774914,0.5806110283159392,-0.5072570789865876,0.3091068481848187,-0.3895358910891117,0.616227586206896,-0.6577172413793164,0.5816806722689076,-0.5588655462184858,0.6826689655172353,-0.5941999999999998,0.6804482758620697,-0.4699793103448266
Refrence Genome,GCF_900446005_1_58116_B01_genomic,GCF_900446005_1_58116_B01_genomic,GCF_900236555_1_Bru_genome5_genomic,GCF_900236555_1_Bru_genome5_genomic,GCF_001715365_1_ASM171536v1_genomic,GCF_001715365_1_ASM171536v1_genomic,GCF_000698345_1_ASM69834v1_genomic,GCF_000698345_1_ASM69834v1_genomic,GCF_009601725_1_ASM960172v1_genomic,GCF_009601725_1_ASM960172v1_genomic,GCF_900446125_1_57572_C01_genomic,GCF_900446125_1_57572_C01_genomic,GCF_000016845_1_ASM1684v1_genomic,GCF_000016845_1_ASM1684v1_genomic,GCF_000590795_1_ASM59079v1_genomic,GCF_000590795_1_ASM59079v1_genomic,GCF_000221005_1_ASM22100v1_genomic,GCF_000221005_1_ASM22100v1_genomic
